PassengerId,Survived,SibSp,Parch,Fare,Cabin,is_male,norm_age,emb_s,emb_c,Pclass_1,Pclass_2
1,0,1,0,7.25,,1,0.2711736617240513,1,0,0,0
2,1,1,0,71.2833,C85,0,0.4722292033174164,0,1,1,0
3,1,0,0,7.925,,0,0.32143754712239253,1,0,0,0
4,1,1,0,53.1,C123,0,0.43453128926866047,1,0,1,0
5,0,0,0,8.05,,1,0.43453128926866047,1,0,0,0
7,0,0,0,51.8625,E46,1,0.6732847449107816,1,0,1,0
8,0,3,1,21.075,,1,0.01985423473234481,1,0,0,0
9,1,0,2,11.1333,,0,0.33400351847197784,1,0,0,0
10,1,1,0,30.0708,,0,0.17064589092736868,0,1,0,1
11,1,1,1,16.7,G6,0,0.04498617743151546,1,0,0,0
12,1,0,0,26.55,C103,0,0.7235486303091229,1,0,1,0
13,0,0,0,8.05,,1,0.24604171902488062,1,0,0,0
14,0,1,5,31.275,,1,0.4847951746670017,1,0,0,0
15,0,0,0,7.8542,,0,0.17064589092736868,1,0,0,0
16,1,0,0,16.0,,0,0.6858507162603669,1,0,0,1
17,0,4,1,29.125,,1,0.01985423473234481,0,0,0,0
19,0,1,0,18.0,,0,0.38426740387031916,1,0,0,0
21,0,0,0,26.0,,1,0.43453128926866047,1,0,0,1
22,1,0,0,13.0,D56,1,0.42196531791907516,1,0,0,1
23,1,0,0,8.0292,,0,0.18321186227695402,0,0,0,0
24,1,0,0,35.5,A6,1,0.3465694898215632,1,0,1,0
25,0,3,1,21.075,,0,0.09525006282985675,1,0,0,0
26,1,1,5,31.3875,,0,0.4722292033174164,1,0,0,0
28,0,3,2,263.0,C23 C25 C27,1,0.23347574767529528,1,0,1,0
31,0,0,0,27.7208,,1,0.4973611460165871,0,1,1,0
34,0,0,0,10.5,,1,0.8240764011058055,1,0,0,1
35,0,1,0,82.1708,,1,0.3465694898215632,0,1,1,0
36,0,1,0,52.0,,1,0.5224930887157577,1,0,1,0
38,0,0,0,8.05,,1,0.2586076903744659,1,0,0,0
39,0,2,0,18.0,,0,0.22090977632570996,1,0,0,0
40,1,1,0,11.2417,,0,0.17064589092736868,0,1,0,0
41,0,1,0,9.475,,0,0.4973611460165871,1,0,0,0
42,0,1,0,21.0,,0,0.33400351847197784,1,0,0,1
44,1,1,2,41.5792,,0,0.032420206081930136,0,1,0,1
45,1,0,0,7.8792,,0,0.23347574767529528,0,0,0,0
50,0,1,0,17.8,,0,0.22090977632570996,1,0,0,0
51,0,4,1,39.6875,,1,0.08268409148027142,1,0,0,0
52,0,0,0,7.8,,1,0.2586076903744659,1,0,0,0
53,1,1,0,76.7292,D33,0,0.610454888162855,0,1,1,0
54,1,1,0,26.0,,0,0.35913546117114853,1,0,0,1
55,0,0,1,61.9792,B30,1,0.8115104297562201,0,1,1,0
57,1,0,0,10.5,,0,0.2586076903744659,1,0,0,1
58,0,0,0,7.2292,,1,0.35285247549635584,0,1,0,0
59,1,1,2,27.75,,0,0.05755214878110078,1,0,0,1
60,0,5,2,46.9,,1,0.13294797687861273,1,0,0,0
61,0,0,0,7.2292,,1,0.2711736617240513,0,1,0,0
62,1,0,0,80.0,B28,0,0.4722292033174164,0,0,1,0
63,0,1,0,83.475,C83,1,0.5601910027645137,1,0,1,0
64,0,3,2,27.9,,1,0.04498617743151546,1,0,0,0
67,1,0,0,10.5,F33,0,0.35913546117114853,1,0,0,1
68,0,0,0,8.1583,,1,0.23347574767529528,1,0,0,0
69,1,4,2,7.925,,0,0.20834380497612465,1,0,0,0
70,0,2,0,8.6625,,1,0.32143754712239253,1,0,0,0
71,0,0,0,10.5,,1,0.39683337521990447,1,0,0,1
72,0,5,2,46.9,,0,0.19577783362653933,1,0,0,0
73,0,0,0,73.5,,1,0.2586076903744659,1,0,0,1
74,0,1,0,14.4542,,1,0.32143754712239253,0,1,0,0
75,1,0,0,56.4958,,1,0.39683337521990447,1,0,0,0
76,0,0,0,7.65,F G73,1,0.3088715757728072,1,0,0,0
79,1,0,2,29.0,,1,0.005152048253329982,1,0,0,1
80,1,0,0,12.475,,0,0.37170143252073384,1,0,0,0
81,0,0,0,9.0,,1,0.2711736617240513,1,0,0,0
82,1,0,0,9.5,,1,0.35913546117114853,1,0,0,0
84,0,0,0,47.1,,1,0.3465694898215632,1,0,1,0
85,1,0,0,10.5,,0,0.20834380497612465,1,0,0,1
86,1,3,0,15.85,,0,0.4093993465694898,1,0,0,0
87,0,1,3,34.375,,1,0.19577783362653933,1,0,0,0
89,1,3,2,263.0,C23 C25 C27,0,0.2837396330736366,1,0,1,0
90,0,0,0,8.05,,1,0.2963056044232219,1,0,0,0
91,0,0,0,8.05,,1,0.35913546117114853,1,0,0,0
92,0,0,0,7.8542,,1,0.24604171902488062,1,0,0,0
93,0,1,0,61.175,E31,1,0.572756974114099,1,0,1,0
94,0,1,2,20.575,,1,0.32143754712239253,1,0,0,0
95,0,0,0,7.25,,1,0.7361146016587082,1,0,0,0
97,0,0,0,34.6542,A5,1,0.8869062578537321,0,1,1,0
98,1,0,1,63.3583,D10 D12,1,0.2837396330736366,0,1,1,0
99,1,0,1,23.0,,0,0.42196531791907516,1,0,0,1
100,0,1,0,26.0,,1,0.42196531791907516,1,0,0,1
101,0,0,0,7.8958,,0,0.3465694898215632,1,0,0,0
103,0,0,1,77.2875,D26,1,0.2586076903744659,1,0,1,0
104,0,0,0,8.6542,,1,0.4093993465694898,1,0,0,0
105,0,2,0,7.925,,1,0.4596632319678311,1,0,0,0
106,0,0,0,7.8958,,1,0.3465694898215632,1,0,0,0
107,1,0,0,7.65,,0,0.2586076903744659,1,0,0,0
109,0,0,0,7.8958,,1,0.4722292033174164,1,0,0,0
111,0,0,0,52.0,C110,1,0.5853229454636844,1,0,1,0
112,0,1,0,14.4542,,0,0.17692887660216136,0,1,0,0
113,0,0,0,8.05,,1,0.2711736617240513,1,0,0,0
114,0,1,0,9.825,,0,0.24604171902488062,1,0,0,0
115,0,0,0,14.4583,,0,0.20834380497612465,0,1,0,0
116,0,0,0,7.925,,1,0.2586076903744659,1,0,0,0
117,0,0,0,7.75,,1,0.8806232721789394,0,0,0,0
118,0,1,0,21.0,,1,0.35913546117114853,1,0,0,1
119,0,0,1,247.5208,B58 B60,1,0.2963056044232219,0,1,1,0
120,0,4,2,31.275,,0,0.01985423473234481,1,0,0,0
121,0,2,0,73.5,,1,0.2586076903744659,1,0,0,1
123,0,1,0,30.0708,,1,0.40311636089469716,0,1,0,1
124,1,0,0,13.0,E101,0,0.40311636089469716,1,0,0,1
125,0,0,1,77.2875,D26,1,0.6732847449107816,1,0,1,0
126,1,1,0,11.2417,,1,0.14551394822819805,0,1,0,0
128,1,0,0,7.1417,,1,0.2963056044232219,1,0,0,0
130,0,0,0,6.975,,1,0.5601910027645137,1,0,0,0
131,0,0,0,7.8958,,1,0.4093993465694898,0,1,0,0
132,0,0,0,7.05,,1,0.24604171902488062,1,0,0,0
133,0,1,0,14.5,,0,0.5853229454636844,1,0,0,0
134,1,1,0,26.0,,0,0.35913546117114853,1,0,0,1
135,0,0,0,13.0,,1,0.3088715757728072,1,0,0,1
136,0,0,0,15.0458,,1,0.2837396330736366,0,1,0,1
137,1,0,2,26.2833,D47,0,0.23347574767529528,1,0,1,0
138,0,1,0,53.1,C123,1,0.4596632319678311,1,0,1,0
139,0,0,0,9.2167,,1,0.19577783362653933,1,0,0,0
140,0,0,0,79.2,B86,1,0.2963056044232219,0,1,1,0
142,1,0,0,7.75,,0,0.2711736617240513,1,0,0,0
143,1,1,0,15.85,,0,0.2963056044232219,1,0,0,0
144,0,0,0,6.75,,1,0.23347574767529528,0,0,0,0
145,0,0,0,11.5,,1,0.22090977632570996,1,0,0,1
146,0,1,1,36.75,,1,0.23347574767529528,1,0,0,1
147,1,0,0,7.7958,,1,0.33400351847197784,1,0,0,0
148,0,2,2,34.375,,0,0.10781603417944208,1,0,0,0
149,0,0,2,26.0,F2,1,0.4533802462930384,1,0,0,1
150,0,0,0,13.0,,1,0.5224930887157577,1,0,0,1
151,0,0,0,12.525,,1,0.6355868308620256,1,0,0,1
152,1,1,0,66.6,C2,0,0.2711736617240513,1,0,1,0
153,0,0,0,8.05,,1,0.6921337019351596,1,0,0,0
154,0,0,2,14.5,,1,0.5036441316913798,1,0,0,0
156,0,0,1,61.3792,,1,0.6355868308620256,0,1,1,0
157,1,0,0,7.7333,,0,0.19577783362653933,0,0,0,0
158,0,0,0,8.05,,1,0.37170143252073384,1,0,0,0
161,0,0,1,16.1,,1,0.5476250314149284,1,0,0,0
162,1,0,0,15.75,,0,0.4973611460165871,1,0,0,1
163,0,0,0,7.775,,1,0.32143754712239253,1,0,0,0
164,0,0,0,8.6625,,1,0.20834380497612465,1,0,0,0
165,0,4,1,39.6875,,1,0.007288263382759489,1,0,0,0
166,1,0,2,20.525,,1,0.10781603417944208,1,0,0,0
168,0,1,4,27.9,,0,0.5601910027645137,1,0,0,0
170,0,0,0,56.4958,,1,0.3465694898215632,1,0,0,0
171,0,0,0,33.5,B19,1,0.7612465443578789,1,0,1,0
172,0,4,1,29.125,,1,0.04498617743151546,0,0,0,0
173,1,1,1,11.1333,,0,0.007288263382759489,1,0,0,0
174,0,0,0,7.925,,1,0.2586076903744659,1,0,0,0
175,0,0,0,30.6958,A7,1,0.6984166876099522,0,1,1,0
176,0,1,1,7.8542,,1,0.22090977632570996,1,0,0,0
178,0,0,0,28.7125,C49,0,0.6230208595124404,0,1,1,0
179,0,0,0,13.0,,1,0.37170143252073384,1,0,0,1
180,0,0,0,0.0,,1,0.4470972606182458,1,0,0,0
183,0,4,2,31.3875,,1,0.10781603417944208,1,0,0,0
184,1,2,1,39.0,F4,1,0.007288263382759489,1,0,0,1
185,1,0,2,22.025,,0,0.04498617743151546,1,0,0,0
188,1,0,0,26.55,,1,0.5601910027645137,1,0,1,0
189,0,1,1,15.5,,1,0.4973611460165871,0,0,0,0
190,0,0,0,7.8958,,1,0.4470972606182458,1,0,0,0
191,1,0,0,13.0,,0,0.39683337521990447,1,0,0,1
192,0,0,0,13.0,,1,0.23347574767529528,1,0,0,1
193,1,1,0,7.8542,,0,0.23347574767529528,1,0,0,0
194,1,1,1,26.0,F2,1,0.032420206081930136,1,0,0,1
195,1,0,0,27.7208,B4,0,0.5476250314149284,0,1,1,0
196,1,0,0,146.5208,B80,0,0.7235486303091229,0,1,1,0
198,0,0,1,8.4042,,1,0.5224930887157577,1,0,0,0
200,0,0,0,13.0,,0,0.2963056044232219,1,0,0,1
201,0,0,0,9.5,,1,0.3465694898215632,1,0,0,0
203,0,0,0,6.4958,,1,0.42196531791907516,1,0,0,0
204,0,0,0,7.225,,1,0.5664739884393063,0,1,0,0
205,1,0,0,8.05,,1,0.22090977632570996,1,0,0,0
206,0,0,1,10.4625,G6,0,0.01985423473234481,1,0,0,0
207,0,1,0,15.85,,1,0.39683337521990447,1,0,0,0
208,1,0,0,18.7875,,1,0.32143754712239253,0,1,0,0
209,1,0,0,7.75,,0,0.19577783362653933,0,0,0,0
210,1,0,0,31.0,A31,1,0.4973611460165871,0,1,1,0
211,0,0,0,7.05,,1,0.2963056044232219,1,0,0,0
212,1,0,0,21.0,,0,0.43453128926866047,1,0,0,1
213,0,0,0,7.25,,1,0.2711736617240513,1,0,0,0
214,0,0,0,13.0,,1,0.37170143252073384,1,0,0,1
216,1,1,0,113.275,D36,0,0.38426740387031916,0,1,1,0
217,1,0,0,7.925,,0,0.33400351847197784,1,0,0,0
218,0,1,0,27.0,,1,0.5224930887157577,1,0,0,1
219,1,0,0,76.2917,D15,0,0.39683337521990447,0,1,1,0
220,0,0,0,10.5,,1,0.37170143252073384,1,0,0,1
221,1,0,0,8.05,,1,0.19577783362653933,1,0,0,0
222,0,0,0,13.0,,1,0.33400351847197784,1,0,0,1
223,0,0,0,8.05,,1,0.6355868308620256,1,0,0,0
225,1,1,0,90.0,C93,1,0.4722292033174164,1,0,1,0
226,0,0,0,9.35,,1,0.2711736617240513,1,0,0,0
227,1,0,0,10.5,,1,0.23347574767529528,1,0,0,1
228,0,0,0,7.25,,1,0.2523247046996733,1,0,0,0
229,0,0,0,13.0,,1,0.22090977632570996,1,0,0,1
231,1,1,0,83.475,C83,0,0.43453128926866047,1,0,1,0
232,0,0,0,7.775,,1,0.35913546117114853,1,0,0,0
233,0,0,0,13.5,,1,0.7361146016587082,1,0,0,1
234,1,4,2,31.3875,,0,0.05755214878110078,1,0,0,0
235,0,0,0,10.5,,1,0.2963056044232219,1,0,0,1
237,0,1,0,26.0,,1,0.5476250314149284,1,0,0,1
238,1,0,2,26.25,,0,0.09525006282985675,1,0,0,1
239,0,0,0,10.5,,1,0.23347574767529528,1,0,0,1
240,0,0,0,12.275,,1,0.4093993465694898,1,0,0,1
243,0,0,0,10.5,,1,0.35913546117114853,1,0,0,1
244,0,0,0,7.125,,1,0.2711736617240513,1,0,0,0
245,0,0,0,7.225,,1,0.37170143252073384,0,1,0,0
246,0,2,0,90.0,C78,1,0.5476250314149284,0,0,1,0
247,0,0,0,7.775,,0,0.3088715757728072,1,0,0,0
248,1,0,2,14.5,,0,0.2963056044232219,1,0,0,1
249,1,1,1,52.5542,D35,1,0.4596632319678311,1,0,1,0
250,0,1,0,26.0,,1,0.6732847449107816,1,0,0,1
252,0,1,1,10.4625,G6,0,0.35913546117114853,1,0,0,0
253,0,0,0,26.55,C87,1,0.7738125157074642,1,0,1,0
254,0,1,0,16.1,,1,0.37170143252073384,1,0,0,0
255,0,0,2,20.2125,,0,0.5099271173661724,1,0,0,0
256,1,0,2,15.2458,,0,0.35913546117114853,0,1,0,0
258,1,0,0,86.5,B77,0,0.37170143252073384,1,0,1,0
259,1,0,0,512.3292,,0,0.43453128926866047,0,1,1,0
260,1,0,1,26.0,,0,0.6230208595124404,1,0,0,1
262,1,4,2,31.3875,,1,0.032420206081930136,1,0,0,0
263,0,1,1,79.65,E67,1,0.648152802211611,1,0,1,0
264,0,0,0,0.0,B94,1,0.4973611460165871,1,0,1,0
266,0,0,0,10.5,,1,0.4470972606182458,1,0,0,1
267,0,4,1,39.6875,,1,0.19577783362653933,1,0,0,0
268,1,1,0,7.775,,1,0.3088715757728072,1,0,0,0
269,1,0,1,153.4625,C125,0,0.7235486303091229,1,0,1,0
270,1,0,0,135.6333,C99,0,0.43453128926866047,1,0,1,0
272,1,0,0,0.0,,1,0.3088715757728072,1,0,0,0
273,1,0,1,19.5,,0,0.5099271173661724,1,0,0,1
274,0,0,1,29.7,C118,1,0.4596632319678311,0,1,1,0
276,1,1,0,77.9583,D7,0,0.7863784870570495,1,0,1,0
277,0,0,0,7.75,,0,0.5601910027645137,1,0,0,0
279,0,4,1,29.125,,1,0.08268409148027142,0,0,0,0
280,1,1,1,20.25,,0,0.43453128926866047,1,0,0,0
281,0,0,0,7.75,,1,0.8115104297562201,0,0,0,0
282,0,0,0,7.8542,,1,0.3465694898215632,1,0,0,0
283,0,0,0,9.5,,1,0.19577783362653933,1,0,0,0
284,1,0,0,8.05,,1,0.23347574767529528,1,0,0,0
286,0,0,0,8.6625,,1,0.4093993465694898,0,1,0,0
287,1,0,0,9.5,,1,0.37170143252073384,1,0,0,0
288,0,0,0,7.8958,,1,0.2711736617240513,1,0,0,0
289,1,0,0,13.0,,1,0.5224930887157577,1,0,0,1
290,1,0,0,7.75,,0,0.2711736617240513,0,0,0,0
291,1,0,0,78.85,,0,0.32143754712239253,1,0,1,0
292,1,1,0,91.0792,B49,0,0.23347574767529528,0,1,1,0
293,0,0,0,12.875,D,1,0.4470972606182458,0,1,0,1
294,0,0,0,8.85,,0,0.2963056044232219,1,0,0,0
295,0,0,0,7.8958,,1,0.2963056044232219,1,0,0,0
297,0,0,0,7.2292,,1,0.2900226187484292,0,1,0,0
298,0,1,2,151.55,C22 C26,0,0.01985423473234481,1,0,1,0
300,1,0,1,247.5208,B58 B60,0,0.6230208595124404,0,1,1,0
303,0,0,0,0.0,,1,0.23347574767529528,1,0,0,0
306,1,1,2,151.55,C22 C26,1,0.0062829856747926615,1,0,1,0
308,1,1,0,108.9,C65,0,0.20834380497612465,0,1,1,0
309,0,1,0,24.0,,1,0.37170143252073384,0,1,0,1
310,1,0,0,56.9292,E36,0,0.37170143252073384,0,1,1,0
311,1,0,0,83.1583,C54,0,0.2963056044232219,0,1,1,0
312,1,2,2,262.375,B57 B59 B63 B66,0,0.22090977632570996,0,1,1,0
313,0,1,1,26.0,,0,0.32143754712239253,1,0,0,1
314,0,0,0,7.8958,,1,0.3465694898215632,1,0,0,0
315,0,1,1,26.25,,1,0.5350590600653431,1,0,0,1
316,1,0,0,7.8542,,0,0.32143754712239253,1,0,0,0
317,1,1,0,26.0,,0,0.2963056044232219,1,0,0,1
318,0,0,0,14.0,,1,0.6732847449107816,1,0,0,1
319,1,0,2,164.8667,C7,0,0.38426740387031916,1,0,1,0
320,1,1,1,134.5,E34,0,0.4973611460165871,0,1,1,0
321,0,0,0,7.25,,1,0.2711736617240513,1,0,0,0
322,0,0,0,7.8958,,1,0.33400351847197784,1,0,0,0
323,1,0,0,12.35,,0,0.37170143252073384,0,0,0,1
324,1,1,1,29.0,,0,0.2711736617240513,1,0,0,1
326,1,0,0,135.6333,C32,0,0.4470972606182458,0,1,1,0
327,0,0,0,6.2375,,1,0.7612465443578789,1,0,0,0
328,1,0,0,13.0,D,0,0.4470972606182458,1,0,0,1
329,1,1,1,20.525,,0,0.38426740387031916,1,0,0,0
330,1,0,1,57.9792,B18,0,0.19577783362653933,0,1,1,0
332,0,0,0,28.5,C124,1,0.5664739884393063,1,0,1,0
333,0,0,1,153.4625,C91,1,0.4722292033174164,1,0,1,0
334,0,2,0,18.0,,1,0.19577783362653933,1,0,0,0
337,0,1,0,66.6,C2,1,0.35913546117114853,1,0,1,0
338,1,0,0,134.5,E40,0,0.5099271173661724,0,1,1,0
339,1,0,0,8.05,,1,0.5601910027645137,1,0,0,0
340,0,0,0,35.5,T,1,0.5601910027645137,1,0,1,0
341,1,1,1,26.0,F2,1,0.01985423473234481,1,0,0,1
342,1,3,2,263.0,C23 C25 C27,0,0.2963056044232219,1,0,1,0
343,0,0,0,13.0,,1,0.3465694898215632,1,0,0,1
344,0,0,0,13.0,,1,0.3088715757728072,1,0,0,1
345,0,0,0,13.0,,1,0.4470972606182458,1,0,0,1
346,1,0,0,13.0,F33,0,0.2963056044232219,1,0,0,1
347,1,0,0,13.0,,0,0.4973611460165871,1,0,0,1
349,1,1,1,15.9,,1,0.032420206081930136,1,0,0,0
350,0,0,0,8.6625,,1,0.5224930887157577,1,0,0,0
351,0,0,0,9.225,,1,0.2837396330736366,1,0,0,0
353,0,1,1,7.2292,,1,0.18321186227695402,0,1,0,0
354,0,1,0,17.8,,1,0.3088715757728072,1,0,0,0
356,0,0,0,9.5,,1,0.3465694898215632,1,0,0,0
357,1,0,1,55.0,E33,0,0.2711736617240513,1,0,1,0
358,0,0,0,13.0,,0,0.4722292033174164,1,0,0,1
361,0,1,4,27.9,,1,0.4973611460165871,1,0,0,0
362,0,1,0,27.7208,,1,0.35913546117114853,0,1,0,1
363,0,0,1,14.4542,,0,0.5601910027645137,0,1,0,0
364,0,0,0,7.05,,1,0.43453128926866047,1,0,0,0
366,0,0,0,7.25,,1,0.37170143252073384,1,0,0,0
367,1,1,0,75.25,D37,0,0.7486805730082935,0,1,1,0
370,1,0,0,69.3,B35,0,0.2963056044232219,0,1,1,0
371,1,1,0,55.4417,E50,1,0.3088715757728072,0,1,1,0
372,0,1,0,6.4958,,1,0.22090977632570996,1,0,0,0
373,0,0,0,8.05,,1,0.23347574767529528,1,0,0,0
374,0,0,0,135.6333,,1,0.2711736617240513,0,1,1,0
375,0,3,1,21.075,,0,0.032420206081930136,1,0,0,0
377,1,0,0,7.25,,0,0.2711736617240513,1,0,0,0
378,0,0,2,211.5,C82,1,0.33400351847197784,0,1,1,0
379,0,0,0,4.0125,,1,0.24604171902488062,0,1,0,0
380,0,0,0,7.775,,1,0.23347574767529528,1,0,0,0
381,1,0,0,227.525,,0,0.5224930887157577,0,1,1,0
382,1,0,2,15.7417,,0,0.007288263382759489,0,1,0,0
383,0,0,0,7.925,,1,0.39683337521990447,1,0,0,0
384,1,1,0,52.0,,0,0.43453128926866047,1,0,1,0
386,0,0,0,73.5,,1,0.22090977632570996,1,0,0,1
387,0,5,2,46.9,,1,0.007288263382759489,1,0,0,0
388,1,0,0,13.0,,0,0.4470972606182458,1,0,0,1
390,1,0,0,12.0,,0,0.20834380497612465,0,1,0,1
391,1,1,2,120.0,B96 B98,1,0.4470972606182458,1,0,1,0
392,1,0,0,7.7958,,1,0.2586076903744659,1,0,0,0
393,0,2,0,7.925,,1,0.3465694898215632,1,0,0,0
394,1,1,0,113.275,D36,0,0.2837396330736366,0,1,1,0
395,1,0,2,16.7,G6,0,0.2963056044232219,1,0,0,0
396,0,0,0,7.7958,,1,0.2711736617240513,1,0,0,0
397,0,0,0,7.8542,,0,0.38426740387031916,1,0,0,0
398,0,0,0,26.0,,1,0.572756974114099,1,0,0,1
399,0,0,0,10.5,,1,0.2837396330736366,1,0,0,1
400,1,0,0,12.65,,0,0.3465694898215632,1,0,0,1
401,1,0,0,7.925,,1,0.4847951746670017,1,0,0,0
402,0,0,0,8.05,,1,0.32143754712239253,1,0,0,0
403,0,1,0,9.825,,0,0.2586076903744659,1,0,0,0
404,0,1,0,15.85,,1,0.3465694898215632,1,0,0,0
405,0,0,0,8.6625,,0,0.24604171902488062,1,0,0,0
406,0,1,0,21.0,,1,0.42196531791907516,1,0,0,1
407,0,0,0,7.75,,1,0.6355868308620256,1,0,0,0
408,1,1,1,18.75,,1,0.032420206081930136,1,0,0,1
409,0,0,0,7.775,,1,0.2586076903744659,1,0,0,0
413,1,1,0,90.0,C78,0,0.4093993465694898,0,0,1,0
415,1,0,0,7.925,,1,0.5476250314149284,1,0,0,0
417,1,1,1,32.5,,0,0.42196531791907516,1,0,0,1
418,1,0,2,13.0,,0,0.22090977632570996,1,0,0,1
419,0,0,0,13.0,,1,0.37170143252073384,1,0,0,1
420,0,0,2,24.15,,0,0.12038200552902739,1,0,0,0
422,0,0,0,7.7333,,1,0.2586076903744659,0,0,0,0
423,0,0,0,7.875,,1,0.35913546117114853,1,0,0,0
424,0,1,1,14.4,,0,0.3465694898215632,1,0,0,0
425,0,1,1,20.2125,,1,0.22090977632570996,1,0,0,0
427,1,1,0,26.0,,0,0.3465694898215632,1,0,0,1
428,1,0,0,26.0,,0,0.23347574767529528,1,0,0,1
430,1,0,0,8.05,E10,1,0.39683337521990447,1,0,0,0
431,1,0,0,26.55,C52,1,0.3465694898215632,1,0,1,0
433,1,1,0,26.0,,0,0.5224930887157577,1,0,0,1
434,0,0,0,7.125,,1,0.20834380497612465,1,0,0,0
435,0,1,0,55.9,E44,1,0.6230208595124404,1,0,1,0
436,1,1,2,120.0,B96 B98,0,0.17064589092736868,1,0,1,0
437,0,2,2,34.375,,0,0.2586076903744659,1,0,0,0
438,1,2,3,18.75,,0,0.2963056044232219,1,0,0,1
439,0,1,4,263.0,C23 C25 C27,1,0.7989444584066349,1,0,1,0
440,0,0,0,10.5,,1,0.38426740387031916,1,0,0,1
441,1,1,1,26.25,,0,0.5601910027645137,1,0,0,1
442,0,0,0,9.5,,1,0.24604171902488062,1,0,0,0
443,0,1,0,7.775,,1,0.3088715757728072,1,0,0,0
444,1,0,0,13.0,,0,0.3465694898215632,1,0,0,1
446,1,0,2,81.8583,A34,1,0.04498617743151546,1,0,1,0
447,1,0,1,19.5,,0,0.15807991957778336,1,0,0,1
448,1,0,0,26.55,,1,0.42196531791907516,1,0,1,0
449,1,2,1,19.2583,,0,0.05755214878110078,0,1,0,0
450,1,0,0,30.5,C104,1,0.648152802211611,1,0,1,0
451,0,1,2,27.75,,1,0.4470972606182458,1,0,0,1
453,0,0,0,27.75,C111,1,0.37170143252073384,0,1,1,0
454,1,1,0,89.1042,C92,1,0.610454888162855,0,1,1,0
456,1,0,0,7.8958,,1,0.35913546117114853,0,1,0,0
457,0,0,0,26.55,E38,1,0.8115104297562201,1,0,1,0
459,1,0,0,10.5,,0,0.6230208595124404,1,0,0,1
461,1,0,0,26.55,E12,1,0.5978889168132696,1,0,1,0
462,0,0,0,8.05,,1,0.42196531791907516,1,0,0,0
463,0,0,0,38.5,E63,1,0.5853229454636844,1,0,1,0
464,0,0,0,13.0,,1,0.5978889168132696,1,0,0,1
466,0,0,0,7.05,,1,0.4722292033174164,1,0,0,0
468,0,0,0,26.55,,1,0.6984166876099522,1,0,1,0
470,1,2,1,19.2583,,0,0.004146770545363157,0,1,0,0
472,0,0,0,8.6625,,1,0.4722292033174164,1,0,0,0
473,1,1,2,27.75,,0,0.4093993465694898,1,0,0,1
474,1,0,0,13.7917,D,0,0.2837396330736366,0,1,0,1
475,0,0,0,9.8375,,0,0.2711736617240513,1,0,0,0
477,0,1,0,21.0,,1,0.42196531791907516,1,0,0,1
478,0,1,0,7.0458,,1,0.35913546117114853,1,0,0,0
479,0,0,0,7.5208,,1,0.2711736617240513,1,0,0,0
480,1,0,1,12.2875,,0,0.01985423473234481,1,0,0,0
481,0,5,2,46.9,,1,0.10781603417944208,1,0,0,0
483,0,0,0,8.05,,1,0.6230208595124404,1,0,0,0
484,1,0,0,9.5875,,0,0.7863784870570495,1,0,0,0
485,1,1,0,91.0792,B49,1,0.3088715757728072,0,1,1,0
487,1,1,0,90.0,C93,0,0.43453128926866047,1,0,1,0
488,0,0,0,29.7,B37,1,0.7235486303091229,0,1,1,0
489,0,0,0,8.05,,1,0.37170143252073384,1,0,0,0
490,1,1,1,15.9,,1,0.10781603417944208,1,0,0,0
492,0,0,0,7.25,,1,0.2586076903744659,1,0,0,0
493,0,0,0,30.5,C30,1,0.6858507162603669,1,0,1,0
494,0,0,0,49.5042,,1,0.8869062578537321,0,1,1,0
495,0,0,0,8.05,,1,0.2586076903744659,1,0,0,0
497,1,1,0,78.2667,D20,0,0.6732847449107816,0,1,1,0
499,0,1,2,151.55,C22 C26,0,0.3088715757728072,1,0,1,0
500,0,0,0,7.7958,,1,0.2963056044232219,1,0,0,0
501,0,0,0,8.6625,,1,0.20834380497612465,1,0,0,0
502,0,0,0,7.75,,0,0.2586076903744659,0,0,0,0
504,0,0,0,9.5875,,0,0.4596632319678311,1,0,0,0
505,1,0,0,86.5,B79,0,0.19577783362653933,1,0,1,0
506,0,1,0,108.9,C65,1,0.22090977632570996,0,1,1,0
507,1,0,2,26.0,,0,0.4093993465694898,1,0,0,1
509,0,0,0,22.525,,1,0.3465694898215632,1,0,0,0
510,1,0,0,56.4958,,1,0.32143754712239253,1,0,0,0
511,1,0,0,7.75,,1,0.35913546117114853,0,0,0,0
513,1,0,0,26.2875,E25,1,0.4470972606182458,1,0,1,0
514,1,1,0,59.4,,0,0.6732847449107816,0,1,1,0
515,0,0,0,7.4958,,1,0.2963056044232219,1,0,0,0
516,0,0,0,34.0208,D46,1,0.5853229454636844,1,0,1,0
517,1,0,0,10.5,F33,0,0.42196531791907516,1,0,0,1
519,1,1,0,26.0,,0,0.4470972606182458,1,0,0,1
520,0,0,0,7.8958,,1,0.39683337521990447,1,0,0,0
521,1,0,0,93.5,B73,0,0.37170143252073384,1,0,1,0
522,0,0,0,7.8958,,1,0.2711736617240513,1,0,0,0
524,1,0,1,57.9792,B18,0,0.5476250314149284,0,1,1,0
526,0,0,0,7.75,,1,0.5036441316913798,0,0,0,0
527,1,0,0,10.5,,0,0.6230208595124404,1,0,0,1
529,0,0,0,7.925,,1,0.4847951746670017,1,0,0,0
530,0,2,1,11.5,,1,0.2837396330736366,1,0,0,1
531,1,1,1,26.0,,0,0.01985423473234481,1,0,0,1
533,0,1,1,7.2292,,1,0.20834380497612465,0,1,0,0
535,0,0,0,8.6625,,0,0.37170143252073384,1,0,0,0
536,1,0,2,26.25,,0,0.08268409148027142,1,0,0,1
537,0,0,0,26.55,B38,1,0.5601910027645137,1,0,1,0
538,1,0,0,106.425,,0,0.37170143252073384,0,1,1,0
540,1,0,2,49.5,B39,0,0.2711736617240513,0,1,1,0
541,1,0,2,71.0,B22,0,0.4470972606182458,1,0,1,0
542,0,4,2,31.275,,0,0.10781603417944208,1,0,0,0
543,0,4,2,31.275,,0,0.13294797687861273,1,0,0,0
544,1,1,0,26.0,,1,0.39683337521990447,1,0,0,1
545,0,1,0,106.425,C86,1,0.6230208595124404,0,1,1,0
546,0,0,0,26.0,,1,0.7989444584066349,1,0,1,0
547,1,1,0,26.0,,0,0.23347574767529528,1,0,0,1
549,0,1,1,20.525,,1,0.4093993465694898,1,0,0,0
550,1,1,1,36.75,,1,0.09525006282985675,1,0,0,1
551,1,0,2,110.8833,C70,1,0.20834380497612465,0,1,1,0
552,0,0,0,26.0,,1,0.33400351847197784,1,0,0,1
554,1,0,0,7.225,,1,0.2711736617240513,0,1,0,0
555,1,0,0,7.775,,0,0.2711736617240513,1,0,0,0
556,0,0,0,26.55,,1,0.7738125157074642,1,0,1,0
557,1,1,0,39.6,A16,0,0.5978889168132696,0,1,1,0
559,1,1,1,79.65,E67,0,0.4847951746670017,1,0,1,0
560,1,1,0,17.4,,0,0.4470972606182458,1,0,0,0
562,0,0,0,7.8958,,1,0.4973611460165871,1,0,0,0
563,0,0,0,13.5,,1,0.3465694898215632,1,0,0,1
566,0,2,0,24.15,,1,0.2963056044232219,1,0,0,0
567,0,0,0,7.8958,,1,0.23347574767529528,1,0,0,0
568,0,0,4,21.075,,0,0.35913546117114853,1,0,0,0
570,1,0,0,7.8542,,1,0.39683337521990447,1,0,0,0
571,1,0,0,10.5,,1,0.7738125157074642,1,0,0,1
572,1,2,0,51.4792,C101,0,0.6607187735611962,1,0,1,0
573,1,0,0,26.3875,E25,1,0.4470972606182458,1,0,1,0
575,0,0,0,8.05,,1,0.19577783362653933,1,0,0,0
576,0,0,0,14.5,,1,0.23347574767529528,1,0,0,0
577,1,0,0,13.0,,0,0.42196531791907516,1,0,0,1
578,1,1,0,55.9,E44,0,0.4847951746670017,1,0,1,0
580,1,0,0,7.925,,1,0.39683337521990447,1,0,0,0
581,1,1,1,30.0,,0,0.3088715757728072,1,0,0,1
582,1,1,1,110.8833,C68,0,0.4847951746670017,0,1,1,0
583,0,0,0,26.0,,1,0.6732847449107816,1,0,0,1
584,0,0,0,40.125,A10,1,0.4470972606182458,0,1,1,0
586,1,0,2,79.65,E68,0,0.22090977632570996,1,0,1,0
587,0,0,0,15.0,,1,0.5853229454636844,1,0,0,1
588,1,1,1,79.2,B41,1,0.7486805730082935,0,1,1,0
589,0,0,0,8.05,,1,0.2711736617240513,1,0,0,0
591,0,0,0,7.125,,1,0.43453128926866047,1,0,0,0
592,1,1,0,78.2667,D20,0,0.648152802211611,0,1,1,0
593,0,0,0,7.25,,1,0.5853229454636844,1,0,0,0
595,0,1,0,26.0,,1,0.4596632319678311,1,0,0,1
596,0,1,1,24.15,,1,0.4470972606182458,1,0,0,0
598,0,0,0,0.0,,1,0.610454888162855,1,0,0,0
600,1,1,0,56.9292,A20,1,0.610454888162855,0,1,1,0
601,1,2,1,27.0,,0,0.2963056044232219,1,0,0,1
604,0,0,0,8.05,,1,0.5476250314149284,1,0,0,0
605,1,0,0,26.55,,1,0.43453128926866047,0,1,1,0
606,0,1,0,15.55,,1,0.4470972606182458,1,0,0,0
607,0,0,0,7.8958,,1,0.37170143252073384,1,0,0,0
608,1,0,0,30.5,,1,0.33400351847197784,1,0,1,0
609,1,1,2,41.5792,,0,0.2711736617240513,0,1,0,1
610,1,0,0,153.4625,C125,0,0.4973611460165871,1,0,1,0
611,0,1,5,31.275,,0,0.4847951746670017,1,0,0,0
615,0,0,0,8.05,,1,0.43453128926866047,1,0,0,0
616,1,1,2,65.0,,0,0.2963056044232219,1,0,0,1
617,0,1,1,14.4,,1,0.42196531791907516,1,0,0,0
618,0,1,0,16.1,,0,0.32143754712239253,1,0,0,0
619,1,2,1,39.0,F4,0,0.04498617743151546,1,0,0,1
620,0,0,0,10.5,,1,0.32143754712239253,1,0,0,1
621,0,1,0,14.4542,,1,0.33400351847197784,0,1,0,0
622,1,1,0,52.5542,D19,1,0.5224930887157577,1,0,1,0
623,1,1,1,15.7417,,1,0.24604171902488062,0,1,0,0
624,0,0,0,7.8542,,1,0.2586076903744659,1,0,0,0
625,0,0,0,16.1,,1,0.2586076903744659,1,0,0,0
626,0,0,0,32.3208,D50,1,0.7612465443578789,1,0,1,0
627,0,0,0,12.35,,1,0.7109826589595376,0,0,0,1
628,1,0,0,77.9583,D9,0,0.2586076903744659,1,0,1,0
629,0,0,0,7.8958,,1,0.32143754712239253,1,0,0,0
631,1,0,0,30.0,A23,1,1.0,1,0,1,0
632,0,0,0,7.0542,,1,0.6355868308620256,1,0,0,0
633,1,0,0,30.5,B50,1,0.39683337521990447,0,1,1,0
635,0,3,2,27.9,,0,0.10781603417944208,1,0,0,0
636,1,0,0,13.0,,0,0.3465694898215632,1,0,0,1
637,0,0,0,7.925,,1,0.39683337521990447,1,0,0,0
638,0,1,1,26.25,,1,0.38426740387031916,1,0,0,1
639,0,0,5,39.6875,,0,0.5099271173661724,1,0,0,0
641,0,0,0,7.8542,,1,0.24604171902488062,1,0,0,0
642,1,0,0,69.3,B35,0,0.2963056044232219,0,1,1,0
643,0,3,2,27.9,,0,0.01985423473234481,1,0,0,0
645,1,2,1,19.2583,,0,0.004146770545363157,0,1,0,0
646,1,1,0,76.7292,D33,1,0.5978889168132696,0,1,1,0
647,0,0,0,7.8958,,1,0.23347574767529528,1,0,0,0
648,1,0,0,35.5,A26,1,0.6984166876099522,0,1,1,0
650,1,0,0,7.55,,0,0.2837396330736366,1,0,0,0
652,1,0,1,23.0,,0,0.22090977632570996,1,0,0,1
653,0,0,0,8.4333,,1,0.2586076903744659,1,0,0,0
655,0,0,0,6.75,,0,0.22090977632570996,0,0,0,0
656,0,2,0,73.5,,1,0.2963056044232219,1,0,0,1
658,0,1,1,15.5,,0,0.39683337521990447,0,0,0,0
659,0,0,0,13.0,,1,0.2837396330736366,1,0,0,1
660,0,0,2,113.275,D48,1,0.7235486303091229,0,1,1,0
661,1,2,0,133.65,,1,0.6230208595124404,1,0,1,0
662,0,0,0,7.225,,1,0.4973611460165871,0,1,0,0
663,0,0,0,25.5875,E58,1,0.5853229454636844,1,0,1,0
664,0,0,0,7.4958,,1,0.4470972606182458,1,0,0,0
665,1,1,0,7.925,,1,0.24604171902488062,1,0,0,0
666,0,2,0,73.5,,1,0.39683337521990447,1,0,0,1
667,0,0,0,13.0,,1,0.3088715757728072,1,0,0,1
669,0,0,0,8.05,,1,0.5350590600653431,1,0,0,0
671,1,1,1,39.0,,0,0.4973611460165871,1,0,0,1
672,0,1,0,52.0,B71,1,0.38426740387031916,1,0,1,0
673,0,0,0,10.5,,1,0.8743402865041467,1,0,0,1
674,1,0,0,13.0,,1,0.38426740387031916,1,0,0,1
676,0,0,0,7.775,,1,0.22090977632570996,1,0,0,0
677,0,0,0,8.05,,1,0.3025885900980146,1,0,0,0
678,1,0,0,9.8417,,0,0.22090977632570996,1,0,0,0
679,0,1,6,46.9,,0,0.5350590600653431,1,0,0,0
680,1,0,1,512.3292,B51 B53 B55,1,0.4470972606182458,0,1,1,0
682,1,0,0,76.7292,D49,1,0.33400351847197784,0,1,1,0
683,0,0,0,9.225,,1,0.24604171902488062,1,0,0,0
684,0,5,2,46.9,,1,0.17064589092736868,1,0,0,0
685,0,1,1,39.0,,1,0.7486805730082935,1,0,0,1
686,0,1,2,41.5792,,1,0.3088715757728072,0,1,0,1
687,0,4,1,39.6875,,1,0.17064589092736868,1,0,0,0
688,0,0,0,10.1708,,1,0.23347574767529528,1,0,0,0
689,0,0,0,7.7958,,1,0.22090977632570996,1,0,0,0
690,1,0,1,211.3375,B5,0,0.18321186227695402,1,0,1,0
691,1,1,0,57.0,B20,1,0.38426740387031916,1,0,1,0
692,1,0,1,13.4167,,0,0.04498617743151546,0,1,0,0
694,0,0,0,7.225,,1,0.3088715757728072,0,1,0,0
695,0,0,0,26.55,,1,0.7486805730082935,1,0,1,0
696,0,0,0,13.5,,1,0.648152802211611,1,0,0,1
697,0,0,0,8.05,,1,0.5476250314149284,1,0,0,0
699,0,1,1,110.8833,C68,1,0.610454888162855,0,1,1,0
700,0,0,0,7.65,F G63,1,0.5224930887157577,1,0,0,0
701,1,1,0,227.525,C62 C64,0,0.22090977632570996,0,1,1,0
702,1,0,0,26.2875,E24,1,0.43453128926866047,1,0,1,0
703,0,0,1,14.4542,,0,0.22090977632570996,0,1,0,0
704,0,0,0,7.7417,,1,0.3088715757728072,0,0,0,0
705,0,1,0,7.8542,,1,0.32143754712239253,1,0,0,0
706,0,0,0,26.0,,1,0.4847951746670017,1,0,0,1
707,1,0,0,13.5,,0,0.5601910027645137,1,0,0,1
708,1,0,0,26.2875,E24,1,0.5224930887157577,1,0,1,0
709,1,0,0,151.55,,0,0.2711736617240513,1,0,1,0
711,1,0,0,49.5042,C90,0,0.2963056044232219,0,1,1,0
713,1,1,0,52.0,C126,1,0.5978889168132696,1,0,1,0
714,0,0,0,9.4833,,1,0.35913546117114853,1,0,0,0
715,0,0,0,13.0,,1,0.648152802211611,1,0,0,1
716,0,0,0,7.65,F G73,1,0.23347574767529528,1,0,0,0
717,1,0,0,227.525,C45,0,0.4722292033174164,0,1,1,0
718,1,0,0,10.5,E101,0,0.33400351847197784,1,0,0,1
720,0,0,0,7.775,,1,0.4093993465694898,1,0,0,0
721,1,0,1,33.0,,0,0.0701181201306861,1,0,0,1
722,0,1,0,7.0542,,1,0.20834380497612465,1,0,0,0
723,0,0,0,13.0,,1,0.42196531791907516,1,0,0,1
724,0,0,0,13.0,,1,0.6230208595124404,1,0,0,1
725,1,1,0,53.1,E8,1,0.33400351847197784,1,0,1,0
726,0,0,0,8.6625,,1,0.24604171902488062,1,0,0,0
727,1,3,0,21.0,,0,0.37170143252073384,1,0,0,1
729,0,1,0,26.0,,1,0.3088715757728072,1,0,0,1
730,0,1,0,7.925,,0,0.3088715757728072,1,0,0,0
731,1,0,0,211.3375,B5,0,0.35913546117114853,1,0,1,0
732,0,0,0,18.7875,,1,0.13294797687861273,0,1,0,0
734,0,0,0,13.0,,1,0.2837396330736366,1,0,0,1
735,0,0,0,13.0,,1,0.2837396330736366,1,0,0,1
736,0,0,0,16.1,,1,0.35285247549635584,1,0,0,0
737,0,1,3,34.375,,0,0.5978889168132696,1,0,0,0
738,1,0,0,512.3292,B101,1,0.43453128926866047,0,1,1,0
742,0,1,0,78.85,C46,1,0.4470972606182458,1,0,1,0
743,1,2,2,262.375,B57 B59 B63 B66,0,0.2586076903744659,0,1,1,0
744,0,1,0,16.1,,1,0.2963056044232219,1,0,0,0
745,1,0,0,7.925,,1,0.38426740387031916,1,0,0,0
746,0,1,1,71.0,B22,1,0.8743402865041467,1,0,1,0
747,0,1,1,20.25,,1,0.19577783362653933,1,0,0,0
748,1,0,0,13.0,,0,0.37170143252073384,1,0,0,1
749,0,1,0,53.1,D30,1,0.23347574767529528,1,0,1,0
750,0,0,0,7.75,,1,0.38426740387031916,0,0,0,0
751,1,1,1,23.0,,0,0.04498617743151546,1,0,0,1
752,1,0,1,12.475,E121,1,0.0701181201306861,1,0,0,0
753,0,0,0,9.5,,1,0.4093993465694898,1,0,0,0
754,0,0,0,7.8958,,1,0.2837396330736366,1,0,0,0
755,1,1,2,65.0,,0,0.5978889168132696,1,0,0,1
756,1,1,1,14.5,,1,0.0031414928373963316,1,0,0,1
757,0,0,0,7.7958,,1,0.3465694898215632,1,0,0,0
758,0,0,0,11.5,,1,0.22090977632570996,1,0,0,1
759,0,0,0,8.05,,1,0.42196531791907516,1,0,0,0
760,1,0,0,86.5,B77,0,0.4093993465694898,1,0,1,0
762,0,0,0,7.125,,1,0.5099271173661724,1,0,0,0
763,1,0,0,7.2292,,1,0.24604171902488062,0,1,0,0
764,1,1,2,120.0,B96 B98,0,0.4470972606182458,1,0,1,0
765,0,0,0,7.775,,1,0.19577783362653933,1,0,0,0
766,1,1,0,77.9583,D11,0,0.6355868308620256,1,0,1,0
768,0,0,0,7.75,,0,0.37798441819552653,0,0,0,0
770,0,0,0,8.3625,,1,0.39683337521990447,1,0,0,0
771,0,0,0,9.5,,1,0.2963056044232219,1,0,0,0
772,0,0,0,7.8542,,1,0.5978889168132696,1,0,0,0
773,0,0,0,10.5,E77,0,0.7109826589595376,1,0,0,1
775,1,1,3,23.0,,0,0.6732847449107816,1,0,0,1
776,0,0,0,7.75,,1,0.22090977632570996,1,0,0,0
778,1,0,0,12.475,,0,0.05755214878110078,1,0,0,0
780,1,0,1,211.3375,B3,0,0.5350590600653431,1,0,1,0
781,1,0,0,7.2292,,0,0.15807991957778336,0,1,0,0
782,1,1,0,57.0,B20,0,0.20834380497612465,1,0,1,0
783,0,0,0,30.0,D6,1,0.35913546117114853,1,0,1,0
785,0,0,0,7.05,,1,0.3088715757728072,1,0,0,0
786,0,0,0,7.25,,1,0.3088715757728072,1,0,0,0
787,1,0,0,7.4958,,0,0.22090977632570996,1,0,0,0
788,0,4,1,29.125,,1,0.09525006282985675,0,0,0,0
789,1,1,2,20.575,,1,0.007288263382759489,1,0,0,0
790,0,0,0,79.2,B82 B84,1,0.572756974114099,0,1,1,0
792,0,0,0,26.0,,1,0.19577783362653933,1,0,0,1
795,0,0,0,7.8958,,1,0.3088715757728072,1,0,0,0
796,0,0,0,13.0,,1,0.4847951746670017,1,0,0,1
797,1,0,0,25.9292,D17,0,0.610454888162855,1,0,1,0
798,1,0,0,8.6833,,0,0.38426740387031916,1,0,0,0
799,0,0,0,7.2292,,1,0.37170143252073384,0,1,0,0
800,0,1,1,24.15,,0,0.37170143252073384,1,0,0,0
801,0,0,0,13.0,,1,0.42196531791907516,1,0,0,1
802,1,1,1,26.25,,0,0.38426740387031916,1,0,0,1
803,1,1,2,120.0,B96 B98,1,0.13294797687861273,1,0,1,0
804,1,0,1,8.5167,,1,0.0,0,1,0,0
805,1,0,0,6.975,,1,0.33400351847197784,1,0,0,0
806,0,0,0,7.775,,1,0.38426740387031916,1,0,0,0
807,0,0,0,0.0,A36,1,0.4847951746670017,1,0,1,0
808,0,0,0,7.775,,0,0.22090977632570996,1,0,0,0
809,0,0,0,13.0,,1,0.4847951746670017,1,0,0,1
810,1,1,0,53.1,E8,0,0.4093993465694898,1,0,1,0
811,0,0,0,7.8875,,1,0.32143754712239253,1,0,0,0
812,0,0,0,24.15,,1,0.4847951746670017,1,0,0,0
813,0,0,0,10.5,,1,0.43453128926866047,1,0,0,1
814,0,4,2,31.275,,0,0.0701181201306861,1,0,0,0
815,0,0,0,8.05,,1,0.37798441819552653,1,0,0,0
817,0,0,0,7.925,,0,0.2837396330736366,1,0,0,0
818,0,1,1,37.0042,,1,0.38426740387031916,0,1,0,1
819,0,0,0,6.45,,1,0.5350590600653431,1,0,0,0
820,0,3,2,27.9,,1,0.12038200552902739,1,0,0,0
821,1,1,1,93.5,B69,0,0.648152802211611,1,0,1,0
822,1,0,0,8.6625,,1,0.33400351847197784,1,0,0,0
823,0,0,0,0.0,,1,0.4722292033174164,1,0,1,0
824,1,0,1,12.475,E121,0,0.33400351847197784,1,0,0,0
825,0,4,1,39.6875,,1,0.01985423473234481,1,0,0,0
828,1,0,2,37.0042,,1,0.007288263382759489,0,1,0,1
830,1,0,0,80.0,B28,0,0.7738125157074642,0,0,1,0
831,1,1,0,14.4542,,0,0.18321186227695402,0,1,0,0
832,1,1,1,18.75,,1,0.005152048253329982,1,0,0,1
834,0,0,0,7.8542,,1,0.2837396330736366,1,0,0,0
835,0,0,0,8.3,,1,0.22090977632570996,1,0,0,0
836,1,1,1,83.1583,E49,0,0.4847951746670017,0,1,1,0
837,0,0,0,8.6625,,1,0.2586076903744659,1,0,0,0
839,1,0,0,56.4958,,1,0.39683337521990447,1,0,0,0
841,0,0,0,7.925,,1,0.24604171902488062,1,0,0,0
842,0,0,0,10.5,,1,0.19577783362653933,1,0,0,1
843,1,0,0,31.0,,0,0.37170143252073384,0,1,1,0
844,0,0,0,6.4375,,1,0.4282483035938678,0,1,0,0
845,0,0,0,8.6625,,1,0.20834380497612465,1,0,0,0
846,0,0,0,7.55,,1,0.5224930887157577,1,0,0,0
848,0,0,0,7.8958,,1,0.43453128926866047,0,1,0,0
849,0,0,1,33.0,,1,0.3465694898215632,1,0,0,1
851,0,4,2,31.275,,1,0.04498617743151546,1,0,0,0
852,0,0,0,7.775,,1,0.9246041719024881,1,0,0,0
853,0,1,1,15.2458,,0,0.10781603417944208,0,1,0,0
854,1,0,1,39.4,D28,0,0.19577783362653933,1,0,1,0
855,0,1,0,26.0,,0,0.5476250314149284,1,0,0,1
856,1,0,1,9.35,,0,0.22090977632570996,1,0,0,0
857,1,1,1,164.8667,,0,0.5601910027645137,1,0,1,0
858,1,0,0,26.55,E17,1,0.6355868308620256,1,0,1,0
859,1,0,3,19.2583,,0,0.2963056044232219,0,1,0,0
861,0,2,0,14.1083,,1,0.5099271173661724,1,0,0,0
862,0,1,0,11.5,,1,0.2586076903744659,1,0,0,1
863,1,0,0,25.9292,D17,0,0.5978889168132696,1,0,1,0
865,0,0,0,13.0,,1,0.2963056044232219,1,0,0,1
866,1,0,0,13.0,,0,0.5224930887157577,1,0,0,1
867,1,1,0,13.8583,,0,0.33400351847197784,0,1,0,1
868,0,0,0,50.4958,A24,1,0.38426740387031916,1,0,1,0
870,1,1,1,11.1333,,1,0.04498617743151546,1,0,0,0
871,0,0,0,7.8958,,1,0.32143754712239253,1,0,0,0
872,1,1,1,52.5542,D35,0,0.5853229454636844,1,0,1,0
873,0,0,0,5.0,B51 B53 B55,1,0.4093993465694898,1,0,1,0
874,0,0,0,9.0,,1,0.5853229454636844,1,0,0,0
875,1,1,0,24.0,,0,0.3465694898215632,0,1,0,1
876,1,0,0,7.225,,0,0.18321186227695402,0,1,0,0
877,0,0,0,9.8458,,1,0.24604171902488062,1,0,0,0
878,0,0,0,7.8958,,1,0.23347574767529528,1,0,0,0
880,1,0,1,83.1583,C50,0,0.6984166876099522,0,1,1,0
881,1,0,1,26.0,,0,0.3088715757728072,1,0,0,1
882,0,0,0,7.8958,,1,0.4093993465694898,1,0,0,0
883,0,0,0,10.5167,,0,0.2711736617240513,1,0,0,0
884,0,0,0,10.5,,1,0.3465694898215632,1,0,0,1
885,0,0,0,7.05,,1,0.3088715757728072,1,0,0,0
886,0,0,5,29.125,,0,0.4847951746670017,0,0,0,0
887,0,0,0,13.0,,1,0.33400351847197784,1,0,0,1
888,1,0,0,30.0,B42,0,0.23347574767529528,1,0,1,0
890,1,0,0,30.0,C148,1,0.32143754712239253,0,1,1,0
891,0,0,0,7.75,,1,0.39683337521990447,0,0,0,0
